{"cameraMode":{"drawMode":0,"name":"Shaded","section":"Shading Mode"},"sceneLighting":true,"audioPlay":false,"sceneViewState":{"m_AlwaysRefresh":false,"showFog":true,"showSkybox":true,"showFlares":true,"showImageEffects":true,"showParticleSystems":true,"showVisualEffectGraphs":true,"m_FxEnabled":true},"in2DMode":false,"pivot":{"x":13.457271575927735,"y":0.8915624618530273,"z":-0.5288119316101074},"rotation":{"x":-0.021291064098477365,"y":-0.039883147925138476,"z":0.0008500745752826333,"w":-0.9989778399467468},"size":2.5870652198791506,"orthographic":false}