{"cameraMode":{"drawMode":0,"name":"Shaded","section":"Shading Mode"},"sceneLighting":true,"audioPlay":false,"sceneViewState":{"m_AlwaysRefresh":false,"showFog":true,"showSkybox":true,"showFlares":true,"showImageEffects":true,"showParticleSystems":true,"showVisualEffectGraphs":true,"m_FxEnabled":true},"in2DMode":false,"pivot":{"x":-0.8569998741149902,"y":0.4499998092651367,"z":-0.3899998664855957},"rotation":{"x":-0.05396074056625366,"y":0.938229501247406,"z":-0.17104218900203706,"w":-0.29625973105430605},"size":6.152446746826172,"orthographic":false}